﻿<?xml version="1.0" encoding="utf-8"?>
<!--DO NOT EDIT. This document is generated by PSoC Creator design builds.-->
<PSoCCreatorIdeExport Version="1">
  <Device Part="CY8C5888LTI-LP097" Processor="CortexM3" DeviceID="2E161069" />
  <Toolchains>
    <Toolchain Name="ARM GCC Generic" Selected="True">
      <Tool Name="prebuild" Command="" Options="" />
      <Tool Name="assembler" Command="arm-none-eabi-as.exe" Options="-mcpu=cortex-m3 -mthumb -I. -IGenerated_Source\PSoC5 -alh=${OutputDir}/${CompileFile}.lst -g -W" />
      <Tool Name="compiler" Command="arm-none-eabi-gcc.exe" Options="-mcpu=cortex-m3 -mthumb -I. -IGenerated_Source\PSoC5 -Wa,-alh=${OutputDir}/${CompileFile}.lst -g -D DEBUG -Wall -ffunction-sections -Og -ffat-lto-objects" />
      <Tool Name="linker" Command="arm-none-eabi-gcc.exe" Options="-mcpu=cortex-m3 -mthumb -g -ffunction-sections -Og -ffat-lto-objects -L Generated_Source\PSoC5 -Wl,-Map,${OutputDir}/${ProjectShortName}.map -T &quot;C:\Users\Bettefanden\Documents\IHA\Semester 3\Semesterprojekt 3\Software\EndeligtUdkast\Positionscontroller\Positionscontroller.cydsn\Generated_Source\PSoC5\cm3gcc.ld&quot; -specs=nano.specs -Wl,--gc-sections" />
      <Tool Name="postbuild" Command="" Options="" />
    </Toolchain>
    <Toolchain Name="ARM MDK Generic" Selected="False">
      <Tool Name="prebuild" Command="" Options="" />
      <Tool Name="assembler" Command="armasm.exe" Options="--cpu=Cortex-M3 --diag_style=gnu --thumb -i. -iGenerated_Source\PSoC5 -g --list=${OutputDir}/${CompileFile}.lst" />
      <Tool Name="compiler" Command="armcc.exe" Options="--cpu=Cortex-M3 --diag_style=gnu -I. -IGenerated_Source\PSoC5 --list --signed_chars -g -D DEBUG -O0 --split_sections" />
      <Tool Name="linker" Command="armlink.exe" Options="--cpu=Cortex-M3 --diag_style=gnu --no_startup --library_type=microlib --map --list ${OutputDir}/${ProjectShortName}.map --scatter &quot;C:\Users\Bettefanden\Documents\IHA\Semester 3\Semesterprojekt 3\Software\EndeligtUdkast\Positionscontroller\Positionscontroller.cydsn\Generated_Source\PSoC5\Cm3RealView.scat&quot;" />
      <Tool Name="postbuild" Command="" Options="" />
    </Toolchain>
    <Toolchain Name="ARM IAR Generic" Selected="False">
      <Tool Name="prebuild" Command="" Options="" />
      <Tool Name="assembler" Command="iasmarm.exe" Options="--cpu Cortex-M3 -I. -IGenerated_Source\PSoC5 -s+ -M&lt;&gt; -w+ -r -DDEBUG --fpu None" />
      <Tool Name="compiler" Command="iccarm.exe" Options="--cpu Cortex-M3 -I. -IGenerated_Source\PSoC5 -D DEBUG --no_cse --no_unroll --no_inline --no_code_motion --no_tbaa --no_clustering --no_scheduling --debug --endian=little -e --fpu=None -On --no_wrap_diagnostics" />
      <Tool Name="linker" Command="ilinkarm.exe" Options="--semihosting --entry __iar_program_start --config Generated_Source\PSoC5\Cm3Iar.icf" />
      <Tool Name="postbuild" Command="" Options="" />
    </Toolchain>
  </Toolchains>
  <Project Name="Positionscontroller" Path="C:\Users\Bettefanden\Documents\IHA\Semester 3\Semesterprojekt 3\Software\EndeligtUdkast\Positionscontroller\Positionscontroller.cydsn" Version="5.50" Type="Normal">
    <CMSIS_SVD_File>Positionscontroller.svd</CMSIS_SVD_File>
    <Datasheet />
    <LinkerFiles>
      <LinkerFile Toolchain="ARM GCC Generic">.\Generated_Source\PSoC5\cm3gcc.ld</LinkerFile>
      <LinkerFile Toolchain="ARM MDK Generic">.\Generated_Source\PSoC5\Cm3RealView.scat</LinkerFile>
      <LinkerFile Toolchain="ARM IAR Generic">.\Generated_Source\PSoC5\Cm3Iar.icf</LinkerFile>
    </LinkerFiles>
    <Folders>
      <Folder BuildType="STRICT" Path="C:\Users\Bettefanden\Documents\IHA\Semester 3\Semesterprojekt 3\Software\EndeligtUdkast\Positionscontroller\Positionscontroller.cydsn">
        <Files Root="C:\Users\Bettefanden\Documents\IHA\Semester 3\Semesterprojekt 3\Software\EndeligtUdkast\Positionscontroller\Positionscontroller.cydsn">
          <File BuildType="BUILD" Toolchain="">main.c</File>
          <File BuildType="BUILD" Toolchain="">cyapicallbacks.h</File>
          <File BuildType="BUILD" Toolchain="">MotorsXY.h</File>
          <File BuildType="BUILD" Toolchain="">MotorZ.h</File>
          <File BuildType="BUILD" Toolchain="">Status.h</File>
          <File BuildType="BUILD" Toolchain="">Switches.h</File>
        </Files>
      </Folder>
      <Folder BuildType="STRICT" Path="C:\Users\Bettefanden\Documents\IHA\Semester 3\Semesterprojekt 3\Software\EndeligtUdkast\Positionscontroller\Positionscontroller.cydsn\Generated_Source\PSoC5">
        <Files Root="C:\Users\Bettefanden\Documents\IHA\Semester 3\Semesterprojekt 3\Software\EndeligtUdkast\Positionscontroller\Positionscontroller.cydsn">
          <File BuildType="BUILD" Toolchain="">Generated_Source\PSoC5\cyfitter_cfg.h</File>
          <File BuildType="BUILD" Toolchain="">Generated_Source\PSoC5\cyfitter_cfg.c</File>
          <File BuildType="BUILD" Toolchain="">Generated_Source\PSoC5\cymetadata.c</File>
          <File BuildType="BUILD" Toolchain="">Generated_Source\PSoC5\cydevice.h</File>
          <File BuildType="BUILD" Toolchain="">Generated_Source\PSoC5\cydevicegnu.inc</File>
          <File BuildType="BUILD" Toolchain="">Generated_Source\PSoC5\cydevicerv.inc</File>
          <File BuildType="BUILD" Toolchain="">Generated_Source\PSoC5\cydeviceiar.inc</File>
          <File BuildType="BUILD" Toolchain="">Generated_Source\PSoC5\cydevice_trm.h</File>
          <File BuildType="BUILD" Toolchain="">Generated_Source\PSoC5\cydevicegnu_trm.inc</File>
          <File BuildType="BUILD" Toolchain="">Generated_Source\PSoC5\cydevicerv_trm.inc</File>
          <File BuildType="BUILD" Toolchain="">Generated_Source\PSoC5\cydeviceiar_trm.inc</File>
          <File BuildType="BUILD" Toolchain="">Generated_Source\PSoC5\cyfittergnu.inc</File>
          <File BuildType="BUILD" Toolchain="">Generated_Source\PSoC5\cyfitterrv.inc</File>
          <File BuildType="BUILD" Toolchain="">Generated_Source\PSoC5\cyfitteriar.inc</File>
          <File BuildType="BUILD" Toolchain="">Generated_Source\PSoC5\cyfitter.h</File>
          <File BuildType="BUILD" Toolchain="">Generated_Source\PSoC5\cydisabledsheets.h</File>
          <File BuildType="BUILD" Toolchain="">Generated_Source\PSoC5\MISO_1_aliases.h</File>
          <File BuildType="BUILD" Toolchain="">Generated_Source\PSoC5\MISO_1.c</File>
          <File BuildType="BUILD" Toolchain="">Generated_Source\PSoC5\MISO_1.h</File>
          <File BuildType="BUILD" Toolchain="">Generated_Source\PSoC5\SPIS_1.c</File>
          <File BuildType="BUILD" Toolchain="">Generated_Source\PSoC5\SPIS_1.h</File>
          <File BuildType="BUILD" Toolchain="">Generated_Source\PSoC5\SPIS_1_PM.c</File>
          <File BuildType="BUILD" Toolchain="">Generated_Source\PSoC5\SPIS_1_INT.c</File>
          <File BuildType="BUILD" Toolchain="">Generated_Source\PSoC5\SPIS_1_BOOT.c</File>
          <File BuildType="BUILD" Toolchain="">Generated_Source\PSoC5\SPIS_1_PVT.h</File>
          <File BuildType="BUILD" Toolchain="">Generated_Source\PSoC5\SS_1_aliases.h</File>
          <File BuildType="BUILD" Toolchain="">Generated_Source\PSoC5\SS_1.c</File>
          <File BuildType="BUILD" Toolchain="">Generated_Source\PSoC5\SS_1.h</File>
          <File BuildType="BUILD" Toolchain="">Generated_Source\PSoC5\isr_1.c</File>
          <File BuildType="BUILD" Toolchain="">Generated_Source\PSoC5\isr_1.h</File>
          <File BuildType="BUILD" Toolchain="">Generated_Source\PSoC5\SCLK_1_aliases.h</File>
          <File BuildType="BUILD" Toolchain="">Generated_Source\PSoC5\SCLK_1.c</File>
          <File BuildType="BUILD" Toolchain="">Generated_Source\PSoC5\SCLK_1.h</File>
          <File BuildType="BUILD" Toolchain="">Generated_Source\PSoC5\MOSI_1_aliases.h</File>
          <File BuildType="BUILD" Toolchain="">Generated_Source\PSoC5\MOSI_1.c</File>
          <File BuildType="BUILD" Toolchain="">Generated_Source\PSoC5\MOSI_1.h</File>
          <File BuildType="BUILD" Toolchain="">Generated_Source\PSoC5\isr_x_home.c</File>
          <File BuildType="BUILD" Toolchain="">Generated_Source\PSoC5\isr_x_home.h</File>
          <File BuildType="BUILD" Toolchain="">Generated_Source\PSoC5\Pin_int_x_end_aliases.h</File>
          <File BuildType="BUILD" Toolchain="">Generated_Source\PSoC5\Pin_int_x_end.c</File>
          <File BuildType="BUILD" Toolchain="">Generated_Source\PSoC5\Pin_int_x_end.h</File>
          <File BuildType="BUILD" Toolchain="">Generated_Source\PSoC5\isr_y_end.c</File>
          <File BuildType="BUILD" Toolchain="">Generated_Source\PSoC5\isr_y_end.h</File>
          <File BuildType="BUILD" Toolchain="">Generated_Source\PSoC5\Pin_int_y_end_aliases.h</File>
          <File BuildType="BUILD" Toolchain="">Generated_Source\PSoC5\Pin_int_y_end.c</File>
          <File BuildType="BUILD" Toolchain="">Generated_Source\PSoC5\Pin_int_y_end.h</File>
          <File BuildType="BUILD" Toolchain="">Generated_Source\PSoC5\isr_z_home.c</File>
          <File BuildType="BUILD" Toolchain="">Generated_Source\PSoC5\isr_z_home.h</File>
          <File BuildType="BUILD" Toolchain="">Generated_Source\PSoC5\isr_z_end.c</File>
          <File BuildType="BUILD" Toolchain="">Generated_Source\PSoC5\isr_z_end.h</File>
          <File BuildType="BUILD" Toolchain="">Generated_Source\PSoC5\Pin_int_z_end_aliases.h</File>
          <File BuildType="BUILD" Toolchain="">Generated_Source\PSoC5\Pin_int_z_end.c</File>
          <File BuildType="BUILD" Toolchain="">Generated_Source\PSoC5\Pin_int_z_end.h</File>
          <File BuildType="BUILD" Toolchain="">Generated_Source\PSoC5\isr_y_home.c</File>
          <File BuildType="BUILD" Toolchain="">Generated_Source\PSoC5\isr_y_home.h</File>
          <File BuildType="BUILD" Toolchain="">Generated_Source\PSoC5\isr_x_end.c</File>
          <File BuildType="BUILD" Toolchain="">Generated_Source\PSoC5\isr_x_end.h</File>
          <File BuildType="BUILD" Toolchain="">Generated_Source\PSoC5\Pin_int_z_home_aliases.h</File>
          <File BuildType="BUILD" Toolchain="">Generated_Source\PSoC5\Pin_int_z_home.c</File>
          <File BuildType="BUILD" Toolchain="">Generated_Source\PSoC5\Pin_int_z_home.h</File>
          <File BuildType="BUILD" Toolchain="">Generated_Source\PSoC5\Pin_int_y_home_aliases.h</File>
          <File BuildType="BUILD" Toolchain="">Generated_Source\PSoC5\Pin_int_y_home.c</File>
          <File BuildType="BUILD" Toolchain="">Generated_Source\PSoC5\Pin_int_y_home.h</File>
          <File BuildType="BUILD" Toolchain="">Generated_Source\PSoC5\Pin_int_x_home_aliases.h</File>
          <File BuildType="BUILD" Toolchain="">Generated_Source\PSoC5\Pin_int_x_home.c</File>
          <File BuildType="BUILD" Toolchain="">Generated_Source\PSoC5\Pin_int_x_home.h</File>
          <File BuildType="BUILD" Toolchain="">Generated_Source\PSoC5\ADC_SAR_Seq.c</File>
          <File BuildType="BUILD" Toolchain="">Generated_Source\PSoC5\ADC_SAR_Seq.h</File>
          <File BuildType="BUILD" Toolchain="">Generated_Source\PSoC5\ADC_SAR_Seq_PM.c</File>
          <File BuildType="BUILD" Toolchain="">Generated_Source\PSoC5\ADC_SAR_Seq_INT.c</File>
          <File BuildType="BUILD" Toolchain="">Generated_Source\PSoC5\Pin_X_aliases.h</File>
          <File BuildType="BUILD" Toolchain="">Generated_Source\PSoC5\Pin_X.c</File>
          <File BuildType="BUILD" Toolchain="">Generated_Source\PSoC5\Pin_X.h</File>
          <File BuildType="BUILD" Toolchain="">Generated_Source\PSoC5\Pin_Y_aliases.h</File>
          <File BuildType="BUILD" Toolchain="">Generated_Source\PSoC5\Pin_Y.c</File>
          <File BuildType="BUILD" Toolchain="">Generated_Source\PSoC5\Pin_Y.h</File>
          <File BuildType="BUILD" Toolchain="">Generated_Source\PSoC5\PWM_X.c</File>
          <File BuildType="BUILD" Toolchain="">Generated_Source\PSoC5\PWM_X.h</File>
          <File BuildType="BUILD" Toolchain="">Generated_Source\PSoC5\PWM_X_PM.c</File>
          <File BuildType="BUILD" Toolchain="">Generated_Source\PSoC5\Enable_X_aliases.h</File>
          <File BuildType="BUILD" Toolchain="">Generated_Source\PSoC5\Enable_X.c</File>
          <File BuildType="BUILD" Toolchain="">Generated_Source\PSoC5\Enable_X.h</File>
          <File BuildType="BUILD" Toolchain="">Generated_Source\PSoC5\Clock_1.c</File>
          <File BuildType="BUILD" Toolchain="">Generated_Source\PSoC5\Clock_1.h</File>
          <File BuildType="BUILD" Toolchain="">Generated_Source\PSoC5\Direction_X_aliases.h</File>
          <File BuildType="BUILD" Toolchain="">Generated_Source\PSoC5\Direction_X.c</File>
          <File BuildType="BUILD" Toolchain="">Generated_Source\PSoC5\Direction_X.h</File>
          <File BuildType="BUILD" Toolchain="">Generated_Source\PSoC5\Step_X_aliases.h</File>
          <File BuildType="BUILD" Toolchain="">Generated_Source\PSoC5\Step_X.c</File>
          <File BuildType="BUILD" Toolchain="">Generated_Source\PSoC5\Step_X.h</File>
          <File BuildType="BUILD" Toolchain="">Generated_Source\PSoC5\PWM_Y.c</File>
          <File BuildType="BUILD" Toolchain="">Generated_Source\PSoC5\PWM_Y.h</File>
          <File BuildType="BUILD" Toolchain="">Generated_Source\PSoC5\PWM_Y_PM.c</File>
          <File BuildType="BUILD" Toolchain="">Generated_Source\PSoC5\Enable_Y_aliases.h</File>
          <File BuildType="BUILD" Toolchain="">Generated_Source\PSoC5\Enable_Y.c</File>
          <File BuildType="BUILD" Toolchain="">Generated_Source\PSoC5\Enable_Y.h</File>
          <File BuildType="BUILD" Toolchain="">Generated_Source\PSoC5\Clock_2.c</File>
          <File BuildType="BUILD" Toolchain="">Generated_Source\PSoC5\Clock_2.h</File>
          <File BuildType="BUILD" Toolchain="">Generated_Source\PSoC5\Direction_Y_aliases.h</File>
          <File BuildType="BUILD" Toolchain="">Generated_Source\PSoC5\Direction_Y.c</File>
          <File BuildType="BUILD" Toolchain="">Generated_Source\PSoC5\Direction_Y.h</File>
          <File BuildType="BUILD" Toolchain="">Generated_Source\PSoC5\Step_Y_aliases.h</File>
          <File BuildType="BUILD" Toolchain="">Generated_Source\PSoC5\Step_Y.c</File>
          <File BuildType="BUILD" Toolchain="">Generated_Source\PSoC5\Step_Y.h</File>
          <File BuildType="BUILD" Toolchain="">Generated_Source\PSoC5\Enable_Z_aliases.h</File>
          <File BuildType="BUILD" Toolchain="">Generated_Source\PSoC5\Enable_Z.c</File>
          <File BuildType="BUILD" Toolchain="">Generated_Source\PSoC5\Enable_Z.h</File>
          <File BuildType="BUILD" Toolchain="">Generated_Source\PSoC5\Clock_3.c</File>
          <File BuildType="BUILD" Toolchain="">Generated_Source\PSoC5\Clock_3.h</File>
          <File BuildType="BUILD" Toolchain="">Generated_Source\PSoC5\Direction_Z_aliases.h</File>
          <File BuildType="BUILD" Toolchain="">Generated_Source\PSoC5\Direction_Z.c</File>
          <File BuildType="BUILD" Toolchain="">Generated_Source\PSoC5\Direction_Z.h</File>
          <File BuildType="BUILD" Toolchain="">Generated_Source\PSoC5\Step_Z_aliases.h</File>
          <File BuildType="BUILD" Toolchain="">Generated_Source\PSoC5\Step_Z.c</File>
          <File BuildType="BUILD" Toolchain="">Generated_Source\PSoC5\Step_Z.h</File>
          <File BuildType="BUILD" Toolchain="">Generated_Source\PSoC5\PWM_Z.c</File>
          <File BuildType="BUILD" Toolchain="">Generated_Source\PSoC5\PWM_Z.h</File>
          <File BuildType="BUILD" Toolchain="">Generated_Source\PSoC5\PWM_Z_PM.c</File>
          <File BuildType="BUILD" Toolchain="">Generated_Source\PSoC5\SPIM_1.c</File>
          <File BuildType="BUILD" Toolchain="">Generated_Source\PSoC5\SPIM_1.h</File>
          <File BuildType="BUILD" Toolchain="">Generated_Source\PSoC5\SPIM_1_PM.c</File>
          <File BuildType="BUILD" Toolchain="">Generated_Source\PSoC5\SPIM_1_INT.c</File>
          <File BuildType="BUILD" Toolchain="">Generated_Source\PSoC5\SPIM_1_PVT.h</File>
          <File BuildType="BUILD" Toolchain="">Generated_Source\PSoC5\isr_2.c</File>
          <File BuildType="BUILD" Toolchain="">Generated_Source\PSoC5\isr_2.h</File>
          <File BuildType="BUILD" Toolchain="">Generated_Source\PSoC5\SCLK_2_aliases.h</File>
          <File BuildType="BUILD" Toolchain="">Generated_Source\PSoC5\SCLK_2.c</File>
          <File BuildType="BUILD" Toolchain="">Generated_Source\PSoC5\SCLK_2.h</File>
          <File BuildType="BUILD" Toolchain="">Generated_Source\PSoC5\SS_2_aliases.h</File>
          <File BuildType="BUILD" Toolchain="">Generated_Source\PSoC5\SS_2.c</File>
          <File BuildType="BUILD" Toolchain="">Generated_Source\PSoC5\SS_2.h</File>
          <File BuildType="BUILD" Toolchain="">Generated_Source\PSoC5\MISO_2_aliases.h</File>
          <File BuildType="BUILD" Toolchain="">Generated_Source\PSoC5\MISO_2.c</File>
          <File BuildType="BUILD" Toolchain="">Generated_Source\PSoC5\MISO_2.h</File>
          <File BuildType="BUILD" Toolchain="">Generated_Source\PSoC5\MOSI_2_aliases.h</File>
          <File BuildType="BUILD" Toolchain="">Generated_Source\PSoC5\MOSI_2.c</File>
          <File BuildType="BUILD" Toolchain="">Generated_Source\PSoC5\MOSI_2.h</File>
          <File BuildType="BUILD" Toolchain="">Generated_Source\PSoC5\SPIS_1_IntClock.c</File>
          <File BuildType="BUILD" Toolchain="">Generated_Source\PSoC5\SPIS_1_IntClock.h</File>
          <File BuildType="BUILD" Toolchain="">Generated_Source\PSoC5\ADC_SAR_Seq_SAR.c</File>
          <File BuildType="BUILD" Toolchain="">Generated_Source\PSoC5\ADC_SAR_Seq_SAR.h</File>
          <File BuildType="BUILD" Toolchain="">Generated_Source\PSoC5\ADC_SAR_Seq_SAR_INT.c</File>
          <File BuildType="BUILD" Toolchain="">Generated_Source\PSoC5\ADC_SAR_Seq_SAR_PM.c</File>
          <File BuildType="BUILD" Toolchain="">Generated_Source\PSoC5\ADC_SAR_Seq_IntClock.c</File>
          <File BuildType="BUILD" Toolchain="">Generated_Source\PSoC5\ADC_SAR_Seq_IntClock.h</File>
          <File BuildType="BUILD" Toolchain="">Generated_Source\PSoC5\ADC_SAR_Seq_TempBuf_dma.c</File>
          <File BuildType="BUILD" Toolchain="">Generated_Source\PSoC5\ADC_SAR_Seq_TempBuf_dma.h</File>
          <File BuildType="BUILD" Toolchain="">Generated_Source\PSoC5\ADC_SAR_Seq_FinalBuf_dma.c</File>
          <File BuildType="BUILD" Toolchain="">Generated_Source\PSoC5\ADC_SAR_Seq_FinalBuf_dma.h</File>
          <File BuildType="BUILD" Toolchain="">Generated_Source\PSoC5\ADC_SAR_Seq_IRQ.c</File>
          <File BuildType="BUILD" Toolchain="">Generated_Source\PSoC5\ADC_SAR_Seq_IRQ.h</File>
          <File BuildType="BUILD" Toolchain="">Generated_Source\PSoC5\SPIM_1_IntClock.c</File>
          <File BuildType="BUILD" Toolchain="">Generated_Source\PSoC5\SPIM_1_IntClock.h</File>
          <File BuildType="BUILD" Toolchain="ARM GCC Generic">Generated_Source\PSoC5\cm3gcc.ld</File>
          <File BuildType="BUILD" Toolchain="ARM MDK Generic">Generated_Source\PSoC5\Cm3RealView.scat</File>
          <File BuildType="BUILD" Toolchain="">Generated_Source\PSoC5\Cm3Start.c</File>
          <File BuildType="BUILD" Toolchain="">Generated_Source\PSoC5\core_cm3.h</File>
          <File BuildType="BUILD" Toolchain="">Generated_Source\PSoC5\core_cm3_psoc5.h</File>
          <File BuildType="BUILD" Toolchain="ARM GCC Generic">Generated_Source\PSoC5\CyBootAsmGnu.s</File>
          <File BuildType="BUILD" Toolchain="ARM MDK Generic">Generated_Source\PSoC5\CyBootAsmRv.s</File>
          <File BuildType="BUILD" Toolchain="">Generated_Source\PSoC5\CyDmac.c</File>
          <File BuildType="BUILD" Toolchain="">Generated_Source\PSoC5\CyDmac.h</File>
          <File BuildType="BUILD" Toolchain="">Generated_Source\PSoC5\CyFlash.c</File>
          <File BuildType="BUILD" Toolchain="">Generated_Source\PSoC5\CyFlash.h</File>
          <File BuildType="BUILD" Toolchain="">Generated_Source\PSoC5\CyLib.c</File>
          <File BuildType="BUILD" Toolchain="">Generated_Source\PSoC5\CyLib.h</File>
          <File BuildType="BUILD" Toolchain="">Generated_Source\PSoC5\cypins.h</File>
          <File BuildType="BUILD" Toolchain="">Generated_Source\PSoC5\cyPm.c</File>
          <File BuildType="BUILD" Toolchain="">Generated_Source\PSoC5\cyPm.h</File>
          <File BuildType="BUILD" Toolchain="">Generated_Source\PSoC5\CySpc.c</File>
          <File BuildType="BUILD" Toolchain="">Generated_Source\PSoC5\CySpc.h</File>
          <File BuildType="BUILD" Toolchain="">Generated_Source\PSoC5\cytypes.h</File>
          <File BuildType="BUILD" Toolchain="">Generated_Source\PSoC5\cyutils.c</File>
          <File BuildType="BUILD" Toolchain="">Generated_Source\PSoC5\core_cmFunc.h</File>
          <File BuildType="BUILD" Toolchain="">Generated_Source\PSoC5\core_cmInstr.h</File>
          <File BuildType="BUILD" Toolchain="ARM IAR Generic">Generated_Source\PSoC5\Cm3Iar.icf</File>
          <File BuildType="BUILD" Toolchain="ARM IAR Generic">Generated_Source\PSoC5\CyBootAsmIar.s</File>
          <File BuildType="BUILD" Toolchain="">Generated_Source\PSoC5\cmsis_armcc.h</File>
          <File BuildType="BUILD" Toolchain="">Generated_Source\PSoC5\cmsis_gcc.h</File>
          <File BuildType="BUILD" Toolchain="">Generated_Source\PSoC5\project.h</File>
          <File BuildType="BUILD" Toolchain="">Generated_Source\PSoC5\cycodeshareimport.ld</File>
          <File BuildType="BUILD" Toolchain="">Generated_Source\PSoC5\cycodeshareexport.ld</File>
          <File BuildType="BUILD" Toolchain="">Generated_Source\PSoC5\cycodeshareimport.scat</File>
        </Files>
      </Folder>
      <Folder BuildType="STRICT" Path="C:\Users\Bettefanden\Documents\IHA\Semester 3\Semesterprojekt 3\Software\EndeligtUdkast\Positionscontroller\Positionscontroller.cydsn\Export\ARM_GCC_Generic">
        <Files Root="C:\Users\Bettefanden\Documents\IHA\Semester 3\Semesterprojekt 3\Software\EndeligtUdkast\Positionscontroller\Positionscontroller.cydsn">
          <File BuildType="BUILD" Toolchain="ARM GCC Generic">.\Export\ARM_GCC_Generic\CyComponentLibrary.a</File>
        </Files>
      </Folder>
      <Folder BuildType="STRICT" Path="C:\Users\Bettefanden\Documents\IHA\Semester 3\Semesterprojekt 3\Software\EndeligtUdkast\Positionscontroller\Positionscontroller.cydsn\Export\ARM_MDK_Generic">
        <Files Root="C:\Users\Bettefanden\Documents\IHA\Semester 3\Semesterprojekt 3\Software\EndeligtUdkast\Positionscontroller\Positionscontroller.cydsn">
          <File BuildType="BUILD" Toolchain="ARM MDK Generic">.\Export\ARM_MDK_Generic\CyComponentLibrary.a</File>
        </Files>
      </Folder>
      <Folder BuildType="STRICT" Path="C:\Users\Bettefanden\Documents\IHA\Semester 3\Semesterprojekt 3\Software\EndeligtUdkast\Positionscontroller\Positionscontroller.cydsn\Export\ARM_IAR_Generic">
        <Files Root="C:\Users\Bettefanden\Documents\IHA\Semester 3\Semesterprojekt 3\Software\EndeligtUdkast\Positionscontroller\Positionscontroller.cydsn">
          <File BuildType="BUILD" Toolchain="ARM IAR Generic">.\Export\ARM_IAR_Generic\CyComponentLibrary.a</File>
        </Files>
      </Folder>
      <Folder BuildType="EXCLUDE" Path=".\codegentemp">
        <Files Root="C:\Users\Bettefanden\Documents\IHA\Semester 3\Semesterprojekt 3\Software\EndeligtUdkast\Positionscontroller\Positionscontroller.cydsn" />
      </Folder>
      <Folder BuildType="EXCLUDE" Path=".\ARM_GCC_441">
        <Files Root="C:\Users\Bettefanden\Documents\IHA\Semester 3\Semesterprojekt 3\Software\EndeligtUdkast\Positionscontroller\Positionscontroller.cydsn" />
      </Folder>
      <Folder BuildType="EXCLUDE" Path=".\ARM_GCC_473">
        <Files Root="C:\Users\Bettefanden\Documents\IHA\Semester 3\Semesterprojekt 3\Software\EndeligtUdkast\Positionscontroller\Positionscontroller.cydsn" />
      </Folder>
      <Folder BuildType="EXCLUDE" Path=".\DP8051_Keil_952">
        <Files Root="C:\Users\Bettefanden\Documents\IHA\Semester 3\Semesterprojekt 3\Software\EndeligtUdkast\Positionscontroller\Positionscontroller.cydsn" />
      </Folder>
      <Folder BuildType="EXCLUDE" Path=".\DP8051">
        <Files Root="C:\Users\Bettefanden\Documents\IHA\Semester 3\Semesterprojekt 3\Software\EndeligtUdkast\Positionscontroller\Positionscontroller.cydsn" />
      </Folder>
      <Folder BuildType="EXCLUDE" Path=".\CortexM0">
        <Files Root="C:\Users\Bettefanden\Documents\IHA\Semester 3\Semesterprojekt 3\Software\EndeligtUdkast\Positionscontroller\Positionscontroller.cydsn" />
      </Folder>
      <Folder BuildType="EXCLUDE" Path=".\CortexM0p">
        <Files Root="C:\Users\Bettefanden\Documents\IHA\Semester 3\Semesterprojekt 3\Software\EndeligtUdkast\Positionscontroller\Positionscontroller.cydsn" />
      </Folder>
      <Folder BuildType="EXCLUDE" Path=".\CortexM3">
        <Files Root="C:\Users\Bettefanden\Documents\IHA\Semester 3\Semesterprojekt 3\Software\EndeligtUdkast\Positionscontroller\Positionscontroller.cydsn" />
      </Folder>
      <Folder BuildType="EXCLUDE" Path=".\CortexM4">
        <Files Root="C:\Users\Bettefanden\Documents\IHA\Semester 3\Semesterprojekt 3\Software\EndeligtUdkast\Positionscontroller\Positionscontroller.cydsn" />
      </Folder>
      <Folder BuildType="EXCLUDE" Path=".\CortexM7">
        <Files Root="C:\Users\Bettefanden\Documents\IHA\Semester 3\Semesterprojekt 3\Software\EndeligtUdkast\Positionscontroller\Positionscontroller.cydsn" />
      </Folder>
      <Folder BuildType="EXCLUDE" Path=".\Generated_Source\PSoC3">
        <Files Root="C:\Users\Bettefanden\Documents\IHA\Semester 3\Semesterprojekt 3\Software\EndeligtUdkast\Positionscontroller\Positionscontroller.cydsn" />
      </Folder>
      <Folder BuildType="EXCLUDE" Path=".\Generated_Source\PSoC4">
        <Files Root="C:\Users\Bettefanden\Documents\IHA\Semester 3\Semesterprojekt 3\Software\EndeligtUdkast\Positionscontroller\Positionscontroller.cydsn" />
      </Folder>
    </Folders>
  </Project>
</PSoCCreatorIdeExport>